use project;
create table CUSTOMER(customer_id int,First_name varchar(10),Middle_name varchar(10),Last_name varchar(10),email_id varchar(20),mobile_no varchar(20),
primary key(customer_id));
create table ORDERS(order_id varchar(10),order_time char(10),order_date date,total_amount float,delivery_time char(10),customer_id int,id_number int,restaurant_id int,
primary key(order_id));
create table DELIVERY_PARTNERS(id_number int,dev_name char (10),mobile_num varchar(20),rating int,primary key(id_number));
create table RESTAURANT(restaurant_id int,res_name varchar(30),callcenter_no varchar(20),primary key(restaurant_id));
alter table ORDERS add foreign key(customer_id) references CUSTOMER(customer_id);
alter table ORDERS add foreign key(id_number) references DELIVERY_PARTNERS(id_number);
alter table ORDERS add foreign key(restaurant_id) references RESTAURANT(restaurant_id);
create table CUST_ADDRESS(address varchar(30),customer_id int,foreign key(customer_id) references CUSTOMER(customer_id) on delete cascade on update cascade);
create table RES_ADDRESS(address varchar(30),restaurant_id int,foreign key(restaurant_id) references RESTAURANT(restaurant_id) on delete cascade on update cascade);
create table PARTNER_LANGS(languages_spoken char(10),id_number int,primary key(languages_spoken));
create table MENU(food_id int,food_name varchar(20),food_price float,no_of_serves int,food_description varchar(40),restaurant_id int,primary key(food_id),
foreign key(restaurant_id) references RESTAURANT(restaurant_id) on delete cascade on update cascade);
create table GENRES(fooditem_type int,food_id int,primary key(fooditem_type,food_id),foreign key(food_id) references MENU(food_id) on delete cascade on update cascade);
create table RATINGS(delivery_rating float,restaurant_rating float,food_rating float,customer_id int,order_id varchar(10),restaurant_id int, 
primary key(delivery_rating, restaurant_rating, food_rating, customer_id),foreign key (customer_id) references CUSTOMER(customer_id),
foreign key (order_id) references ORDERS(order_id),foreign key (restaurant_id) references RESTAURANT(restaurant_id));
create table PAYMENT(payment_method varchar(20),payment_id varchar(15),amount float,customer_id int,order_id varchar(10),restaurant_id int,primary key (payment_id),
foreign key(customer_id) REFERENCES CUSTOMER(customer_id),foreign key (order_id) REFERENCES ORDERS(order_id),foreign key (restaurant_id) REFERENCES RESTAURANT(restaurant_id)
);
show tables;
desc PAYMENT;
insert into RESTAURANT values(1101,'Pizzahouse','666-777-8888');
insert into RESTAURANT values(1102,'Adigas','555-444-0000');
insert into RESTAURANT values(1103,'Sadasagar','333-555-2222');
insert into RESTAURANT values(1104,'Nijaya','777-777-1212');
insert into RESTAURANT values(1105,'Teshitha','000-999-8877');
insert into RESTAURANT values(1106,'Burgerpalace','998-998-9988');
insert into RESTAURANT values(1107,'SecondWavecafe','666-888-6668');
insert into RESTAURANT values(1108,'Tazakitchen','778-989-1234');
insert into RESTAURANT values(1109,'Majathindi','787-999-0011');
insert into RESTAURANT values(1110,'Desistylemalasa','111-222-3333');
desc MENU;
alter table RESTAURANT modify callcenter_no varchar(20);
select * from RES_ADDRESS;
insert into RES_ADDRESS values('NO.112,Rajajinagar',1101);
insert into RES_ADDRESS values('NO.104,Rajajinagar',1102);
insert into RES_ADDRESS values('NO.567,Malleshwaram',1103);
insert into RES_ADDRESS values('NO.987,Malleshwaram',1104);
insert into RES_ADDRESS values('NO.098,Malleshwaram',1105);
insert into RES_ADDRESS values('NO.367,Jayanagar',1106);
insert into RES_ADDRESS values('NO.982,Sadashivnagar',1107);
insert into RES_ADDRESS values('NO.298,Koramangala',1108);
insert into RES_ADDRESS values('NO.746,Sadashivnagar',1109);
insert into RES_ADDRESS values('NO.736,Jayanagar',1110);
select * from RES_ADDRESS;
insert into DELIVERY_PARTNERS values(20231,'john','9988337462',9.5);
insert into DELIVERY_PARTNERS values(20232,'dhavan','6749273942',9.0);
insert into DELIVERY_PARTNERS values(20233,'virat','8975649344',8.3);
insert into DELIVERY_PARTNERS values(20234,'ram','8936547237',7.9);
insert into DELIVERY_PARTNERS values(20235,'charan','9999999999',7.0);
insert into DELIVERY_PARTNERS values(20236,'dinesh','9909090909',9.8);
insert into DELIVERY_PARTNERS values(20237,'shyam','7630476495',9.7);
insert into DELIVERY_PARTNERS values(20238,'nithish','7598576488',8.9);
insert into DELIVERY_PARTNERS values(20239,'jack','9578889948',7.1);
insert into DELIVERY_PARTNERS values(20240,'harry','7678475875',8.0);
alter table DELIVERY_PARTNERS modify mobile_num varchar(20);
alter table CUSTOMER modify mobile_no varchar(20);
insert into CUSTOMER values(1,'anjali','k','m','abc@gmail.com','8479374958');
insert into CUSTOMER values(2,'faran','t','s','ftl@gmail.com','8479374958');
insert into CUSTOMER values(3,'raju','l','o','gtr@gmail.com','8479374958');
insert into CUSTOMER values(4,'honey','a','h','klj@gmail.com','8479374958');
insert into CUSTOMER values(5,'himabindu','f','t','opi@gmail.com','8479374958');
insert into CUSTOMER values(6,'sreenu','k','r','yte@gmail.com','8479374958');
insert into CUSTOMER values(7,'chandra','y','t','nhy@gmail.com','8479374958');
insert into CUSTOMER values(8,'subbu','j','u','jdj@gmail.com','8479374958');
insert into CUSTOMER values(9,'mahesh','f','k','jju@gmail.com','8479374958');
insert into CUSTOMER values(10,'kishore','p','l','jdu@gmail.com','8479374958');
show databases;
delete  from RESTAURANT where restaurant_id=1101;
delete  from RESTAURANT where restaurant_id=1106;
delete  from RESTAURANT where restaurant_id=1107;

insert into RESTAURANT values(1101,'Kitchenadda','666-777-8888');
insert into RESTAURANT values(1106,'Nijoteja','998-998-9988');
insert into RESTAURANT values(1107,'Ghar Wala','666-888-6668');

insert into ORDERS values("101","11:30","2022-12-23",559.00,"12:00",1,20234,1108);
insert into ORDERS values("131","1:20","2022-12-23",129.00,"1:30",1,20235,1108);
insert into ORDERS values("201","1:31","2022-12-23",459.00,"1:45",8,20231,1108) ;
insert into ORDERS values("253","6:30","2022-12-24",559.00,"12:00",5,20232,1108);
insert into ORDERS values("420","10:03","2022-12-24",958.00,"10:20",3,20238,1105);
insert into ORDERS values("245","7:30","2022-12-24",145.00,"7:45",7,20240,1110);
insert into ORDERS values("278","18:45","2022-12-24",349.00,"19:05",8,20231,1107);
insert into ORDERS values("231","14:41","2022-12-25",294.00,"15:15",2,20239,1101);
insert into ORDERS values("162","6:45","2022-12-25",561.00,"7:05",2,20236,1110);
insert into ORDERS values("204","10:10","2022-12-25",1050.00,"10:20",8,20234,1107);
insert into ORDERS values("138","7:59","2022-12-25",834.00,"8:12",9,20240,1103);
insert into ORDERS values("303","16:54","2022-12-26",1305.00,"17:14",6,20237,1109);
insert into ORDERS values("145","11:30","2022-12-27",365.00,"12:00",4,20238,1102);
insert into ORDERS values("194","1:20","2022-12-27",630.00,"1:45",10,20232,1101);
insert into ORDERS values("207","11:00","2022-12-27",780.00,"11:25",6,202331109);
insert into ORDERS values("281","9:30","2022-12-28",120.00,"10:12",3,20236,1101);
insert into ORDERS values("280","5:30","2022-12-29",700.00,"5:45",2,20235,1104);
insert into ORDERS values("142","1:30","2022-12-30",200.00,"2:01",4,20231,1107);
insert into ORDERS values("234","23:30","2022-12-31",1559.00,"23:45",9,20240,1105);


insert into PAYMENT values("Cash on delivery",10001,5075.25,1,101,1108);
insert into PAYMENT values("Net banking",10002,4325.01,1,131,1108);
insert into PAYMENT values("Google Pay",10003,3000.99,8,201,1108);
insert into PAYMENT values("Cash on delivery",10004,1030.00,5,253,1108);
insert into PAYMENT values("Cash on delivery",10005,4500.50,3,420,1105);
insert into PAYMENT values("Phone pay",10006,1100.00,7,245,1110);
insert into PAYMENT values("Paytm",10007,5010.40,8,278,1107);
insert into PAYMENT values("Phone pay",10008,979.80,2,231,1101);
insert into PAYMENT values("Cash on delivery",10009,875.00,2,162,1110);
insert into PAYMENT values("Phone pay",10010,3090.25,8,204,1107);
insert into PAYMENT values("Google pay",10011,1050.00,9,138,1103);
insert into PAYMENT values("Phone pay",10012,2800.70,6,303,1109);
insert into PAYMENT values("Net Banking",10013,3005.75,4,145,1102);
insert into PAYMENT values("Cash on delivery",10014,700.25,10,194,1101);
insert into PAYMENT values("Phone pay",10015,6500.00,6,207,1109);
insert into PAYMENT values("Net banking",10016,7500.25,3,281,1101);
insert into PAYMENT values("Google pay",10017,2700.00,2,280,1104);
insert into PAYMENT values("Google pay",10018,4595.90,4,142,1107);
insert into PAYMENT values("Phone pay",10019,5000.25,9,234,1105);

insert into CUST_ADDRESS values("hno.11",1);
insert into CUST_ADDRESS values("hno.12",1);
insert into CUST_ADDRESS values("hno.13",2);
insert into CUST_ADDRESS values("hno.14",3);
insert into CUST_ADDRESS values("hno.15",3);
insert into CUST_ADDRESS values("hno.16",3);
insert into CUST_ADDRESS values("hno.17",4);
insert into CUST_ADDRESS values("hno.18",4);
insert into CUST_ADDRESS values("hno.19",5);
insert into CUST_ADDRESS values("hno.20",6);
insert into CUST_ADDRESS values("hno.21",6);
insert into CUST_ADDRESS values("hno.22",6);
insert into CUST_ADDRESS values("hno.23",7);
insert into CUST_ADDRESS values("hno.24",7);
insert into CUST_ADDRESS values("hno.25",7);
insert into CUST_ADDRESS values("hno.26",7);
insert into CUST_ADDRESS values("hno.27",8);
insert into CUST_ADDRESS values("hno.28",8);
insert into CUST_ADDRESS values("hno.29",9);
insert into CUST_ADDRESS values("hno.30",10);

insert into RATINGS values(9.0,9,10,1,101,1108);
insert into RATINGS values(10,8.5,8,1,131,1108);
insert into RATINGS values(10,10,10,8,201,1108);
insert into RATINGS values(9.0,9.5,9.5,5,253,1108);
insert into RATINGS values(9.0,9.0,9.0,3,420,1105);
insert into RATINGS values(9.0,10,8.5,7,245,1110);
insert into RATINGS values(7,8,8,8,278,1107);
insert into RATINGS values(9.0,9,8,2,231,1101);
insert into RATINGS values(8,8,8,2,162,1110);
insert into RATINGS values(6,7,8,8,204,1107);
insert into RATINGS values(10,10,10,9,138,1103);
insert into RATINGS values(9,8.5,8.5,6,303,1109);
insert into RATINGS values(8.5,8.5,8.5,4,145,1102);
insert into RATINGS values(10,9.5,9.5,10,194,1101);
insert into RATINGS values(9.5,9.5,9.5,6,207,1109);
insert into RATINGS values(9,9.5,10,3,281,1101);
insert into RATINGS values(9.5,10,10,2,280,1104);
insert into RATINGS values(9.0,8.5,8.5,4,142,1107);
insert into RATINGS values(9,10,9,9,234,1105);


insert into PARTNER_LANGS values("kannada",20231);
insert into PARTNER_LANGS values("hindi",20231);
insert into PARTNER_LANGS values("telugu",20232);
insert into PARTNER_LANGS values("hindi",20232);
insert into PARTNER_LANGS values("english",20232);
insert into PARTNER_LANGS values("kannada",20233);
insert into PARTNER_LANGS values("telugu",20233);
insert into PARTNER_LANGS values("hindi",20234);
insert into PARTNER_LANGS values("english",20234);
insert into PARTNER_LANGS values("telugu",20235);
insert into PARTNER_LANGS values("kannada",20235);
insert into PARTNER_LANGS values("kannada",20236);
insert into PARTNER_LANGS values("hindi",20236);
insert into PARTNER_LANGS values("tamil",20237);
insert into PARTNER_LANGS values("kannada",20237);
insert into PARTNER_LANGS values("english",20237);
insert into PARTNER_LANGS values("telugu",20238);
insert into PARTNER_LANGS values("kannada",20238);
insert into PARTNER_LANGS values("english",20238);
insert into PARTNER_LANGS values("hindi",20238);
insert into PARTNER_LANGS values("kannada",20239);
insert into PARTNER_LANGS values("telugu",20239);
insert into PARTNER_LANGS values("telugu",20240);
insert into PARTNER_LANGS values("english",20240);
insert into PARTNER_LANGS values("hindi",20240);

alter table MENU modify food_description varchar(100);
insert into MENU values(1200,"Tomato Soup",90.00,"Has a rich taste of tomatoes",1101);
insert into MENU values(1201,"Gobi Machurian",110.00,"Crispy Gobi with spicy sauces",1101);
insert into MENU values(1202,"Veg Pasta Salad",100.00,"Penne pasta with a mix of vegetables",1101);
insert into MENU values(1203,"Red Sauce Pasta",80.00,"Penne pasta with juicy sauce",1101);
insert into MENU values(1204,"Margherita",180.00,"Cheesy pizza with a delicious sauce",1101);
insert into MENU values(1205,"Chicken Club Sandwich",120.00,"Juicy chicken pieces with herbs",1101);
insert into MENU values(1206,"North Indian Thali",200.00,"Takes you on a ride to North India",1101);
insert into MENU values(1207,"South Indian Thali",180.00,"Reminds you of all the southern flavours",1101);
insert into MENU values(1208,"Chicken Biriyani",240.00,"Crispy and Spicy Chicken with flavourful rice",1101);
insert into MENU values(1209,"Veg Dum Biriyani",200.00,"Extra masala to all the vegetables with some spiced rice ",1101);
insert into MENU values(1210,"Veg Schezwan Noodles",95.00,"Noodles in the perfect sauce",1101);
insert into MENU values(1211,"Veg Fried Rice",100.00,"simple and Perfect combo of veggies and rice",1101);
insert into MENU values(1212,"Coke",40.00,"Refreshes you",1101);
insert into MENU values(1213,"Blue Lagoon",80.00,"This will make your day",1101);
insert into MENU values(1214,"Gulab Jamun",45.00,"No meal is complete without this",1101);
insert into MENU values(1215,"Brownie",70.00,"Crispy on the outside and soft in the inside",1101);
insert into MENU values(1216,"Tomato Soup",90.00,"Has a rich taste of tomatoes",1102);
insert into MENU values(1217,"Gobi Machurian",110.00,"Crispy Gobi with spicy sauces",1102);
insert into MENU values(1218,"Veg Pasta Salad",100.00,"Penne pasta with a mix of vegetables",1102);
insert into MENU values(1219,"Red Sauce Pasta",80.00,"Penne pasta with juicy sauce",1102);
insert into MENU values(1220,"Margherita",180.00,"Cheesy pizza with a delicious sauce",1102);
insert into MENU values(1221,"Chicken Club Sandwich",120.00,"Juicy chicken pieces with herbs",1102);
insert into MENU values(1222,"North Indian Thali",200.00,"Takes you on a ride to North India",1102);
insert into MENU values(1223,"South Indian Thali",180.00,"Reminds you of all the southern flavours",1102);
insert into MENU values(1224,"Chicken Biriyani",240.00,"Crispy and Spicy Chicken with flavourful rice",1102);
insert into MENU values(1225,"Veg Dum Biriyani",200.00,"Extra masala to all the vegetables with some spiced rice ",1102);
insert into MENU values(1226,"Veg Schezwan Noodles",95.00,"Noodles in the perfect sauce",1102);
insert into MENU values(1227,"Veg Fried Rice",100.00,"simple and Perfect combo of veggies and rice",1102);
insert into MENU values(1228,"Coke",40.00,"Refreshes you",1102);
insert into MENU values(1229,"Blue Lagoon",80.00,"This will make your day",1102);
insert into MENU values(1230,"Gulab Jamun",45.00,"No meal is complete without this",1102);
insert into MENU values(1231,"Brownie",70.00,"Crispy on the outside and soft in the inside",1102);
insert into MENU values(1232,"Tomato Soup",90.00,"Has a rich taste of tomatoes",1103);
insert into MENU values(1233,"Gobi Machurian",110.00,"Crispy Gobi with spicy sauces",1103);
insert into MENU values(1234,"Veg Pasta Salad",100.00,"Penne pasta with a mix of vegetables",1103);
insert into MENU values(1235,"Red Sauce Pasta",80.00,"Penne pasta with juicy sauce",1103);
insert into MENU values(1236,"Margherita",180.00,"Cheesy pizza with a delicious sauce",1103);
insert into MENU values(1237,"Chicken Club Sandwich",120.00,"Juicy chicken pieces with herbs",1103);
insert into MENU values(1238,"North Indian Thali",200.00,"Takes you on a ride to North India",1103);
insert into MENU values(1239,"South Indian Thali",180.00,"Reminds you of all the southern flavours",1103);
insert into MENU values(1240,"Chicken Biriyani",240.00,"Crispy and Spicy Chicken with flavourful rice",1103);
insert into MENU values(1241,"Veg Dum Biriyani",200.00,"Extra masala to all the vegetables with some spiced rice ",1103);
insert into MENU values(1242,"Veg Schezwan Noodles",95.00,"Noodles in the perfect sauce",1103);
insert into MENU values(1243,"Veg Fried Rice",100.00,"simple and Perfect combo of veggies and rice",1103);
insert into MENU values(1244,"Coke",40.00,"Refreshes you",1103);
insert into MENU values(1245,"Blue Lagoon",80.00,"This will make your day",1103);
insert into MENU values(1246,"Gulab Jamun",45.00,"No meal is complete without this",1103);
insert into MENU values(1247,"Brownie",70.00,"Crispy on the outside and soft in the inside",1103);
insert into MENU values(1248,"Tomato Soup",90.00,"Has a rich taste of tomatoes",1104);
insert into MENU values(1249,"Gobi Machurian",110.00,"Crispy Gobi with spicy sauces",1104);
insert into MENU values(1250,"Veg Pasta Salad",100.00,"Penne pasta with a mix of vegetables",1104);
insert into MENU values(1251,"Red Sauce Pasta",80.00,"Penne pasta with juicy sauce",1104);
insert into MENU values(1252,"Margherita",180.00,"Cheesy pizza with a delicious sauce",1104);
insert into MENU values(1253,"Chicken Club Sandwich",120.00,"Juicy chicken pieces with herbs",1104);
insert into MENU values(1254,"North Indian Thali",200.00,"Takes you on a ride to North India",1104);
insert into MENU values(1255,"South Indian Thali",180.00,"Reminds you of all the southern flavours",1104);
insert into MENU values(1256,"Chicken Biriyani",240.00,"Crispy and Spicy Chicken with flavourful rice",1104);
insert into MENU values(1257,"Veg Dum Biriyani",200.00,"Extra masala to all the vegetables with some spiced rice ",1104);
insert into MENU values(1258,"Veg Schezwan Noodles",95.00,"Noodles in the perfect sauce",1104);
insert into MENU values(1259,"Veg Fried Rice",100.00,"simple and Perfect combo of veggies and rice",1104);
insert into MENU values(1260,"Coke",40.00,"Refreshes you",1104);
insert into MENU values(1261,"Blue Lagoon",80.00,"This will make your day",1104);
insert into MENU values(1262,"Gulab Jamun",45.00,"No meal is complete without this",1104);
insert into MENU values(1263,"Brownie",70.00,"Crispy on the outside and soft in the inside",1104);
insert into MENU values(1264,"Tomato Soup",90.00,"Has a rich taste of tomatoes",1105);
insert into MENU values(1265,"Gobi Machurian",110.00,"Crispy Gobi with spicy sauces",1105);
insert into MENU values(1266,"Veg Pasta Salad",100.00,"Penne pasta with a mix of vegetables",1105);
insert into MENU values(1267,"Red Sauce Pasta",80.00,"Penne pasta with juicy sauce",1105);
insert into MENU values(1268,"Margherita",180.00,"Cheesy pizza with a delicious sauce",1105);
insert into MENU values(1269,"Chicken Club Sandwich",120.00,"Juicy chicken pieces with herbs",1105);
insert into MENU values(1270,"North Indian Thali",200.00,"Takes you on a ride to North India",1105);
insert into MENU values(1271,"South Indian Thali",180.00,"Reminds you of all the southern flavours",1105);
insert into MENU values(1272,"Chicken Biriyani",240.00,"Crispy and Spicy Chicken with flavourful rice",1105);
insert into MENU values(1273,"Veg Dum Biriyani",200.00,"Extra masala to all the vegetables with some spiced rice ",1105);
insert into MENU values(1274,"Veg Schezwan Noodles",95.00,"Noodles in the perfect sauce",1105);
insert into MENU values(1275,"Veg Fried Rice",100.00,"simple and Perfect combo of veggies and rice",1105);
insert into MENU values(1276,"Coke",40.00,"Refreshes you",1105);
insert into MENU values(1277,"Blue Lagoon",80.00,"This will make your day",1105);
insert into MENU values(1278,"Gulab Jamun",45.00,"No meal is complete without this",1105);
insert into MENU values(1279,"Brownie",70.00,"Crispy on the outside and soft in the inside",1105);
insert into MENU values(1280,"Tomato Soup",90.00,"Has a rich taste of tomatoes",1106);
insert into MENU values(1281,"Gobi Machurian",110.00,"Crispy Gobi with spicy sauces",1106);
insert into MENU values(1282,"Veg Pasta Salad",100.00,"Penne pasta with a mix of vegetables",1106);
insert into MENU values(1283,"Red Sauce Pasta",80.00,"Penne pasta with juicy sauce",1106);
insert into MENU values(1284,"Margherita",180.00,"Cheesy pizza with a delicious sauce",1106);
insert into MENU values(1285,"Chicken Club Sandwich",120.00,"Juicy chicken pieces with herbs",1106);
insert into MENU values(1286,"North Indian Thali",200.00,"Takes you on a ride to North India",1106);
insert into MENU values(1287,"South Indian Thali",180.00,"Reminds you of all the southern flavours",1106);
insert into MENU values(1288,"Chicken Biriyani",240.00,"Crispy and Spicy Chicken with flavourful rice",1106);
insert into MENU values(1289,"Veg Dum Biriyani",200.00,"Extra masala to all the vegetables with some spiced rice ",1106);
insert into MENU values(1290,"Veg Schezwan Noodles",95.00,"Noodles in the perfect sauce",1106);
insert into MENU values(1291,"Veg Fried Rice",100.00,"simple and Perfect combo of veggies and rice",1106);
insert into MENU values(1292,"Coke",40.00,"Refreshes you",1106);
insert into MENU values(1293,"Blue Lagoon",80.00,"This will make your day",1106);
insert into MENU values(1294,"Gulab Jamun",45.00,"No meal is complete without this",1106);
insert into MENU values(1295,"Brownie",70.00,"Crispy on the outside and soft in the inside",1106);
insert into MENU values(1296,"Tomato Soup",90.00,"Has a rich taste of tomatoes",1107);
insert into MENU values(1297,"Gobi Machurian",110.00,"Crispy Gobi with spicy sauces",1107);
insert into MENU values(1298,"Veg Pasta Salad",100.00,"Penne pasta with a mix of vegetables",1107);
insert into MENU values(1299,"Red Sauce Pasta",80.00,"Penne pasta with juicy sauce",1107);
insert into MENU values(1300,"Margherita",180.00,"Cheesy pizza with a delicious sauce",1107);
insert into MENU values(1301,"Chicken Club Sandwich",120.00,"Juicy chicken pieces with herbs",1107);
insert into MENU values(1302,"North Indian Thali",200.00,"Takes you on a ride to North India",1107);
insert into MENU values(1303,"South Indian Thali",180.00,"Reminds you of all the southern flavours",1107);
insert into MENU values(1304,"Chicken Biriyani",240.00,"Crispy and Spicy Chicken with flavourful rice",1107);
insert into MENU values(1305,"Veg Dum Biriyani",200.00,"Extra masala to all the vegetables with some spiced rice ",1107);
insert into MENU values(1306,"Veg Schezwan Noodles",95.00,"Noodles in the perfect sauce",1107);
insert into MENU values(1307,"Veg Fried Rice",100.00,"simple and Perfect combo of veggies and rice",1107);
insert into MENU values(1308,"Coke",40.00,"Refreshes you",1107);
insert into MENU values(1309,"Blue Lagoon",80.00,"This will make your day",1107);
insert into MENU values(1310,"Gulab Jamun",45.00,"No meal is complete without this",1107);
insert into MENU values(1311,"Brownie",70.00,"Crispy on the outside and soft in the inside",1107);
insert into MENU values(1312,"Tomato Soup",90.00,"Has a rich taste of tomatoes",1108);
insert into MENU values(1313,"Gobi Machurian",110.00,"Crispy Gobi with spicy sauces",1108);
insert into MENU values(1314,"Veg Pasta Salad",100.00,"Penne pasta with a mix of vegetables",1108);
insert into MENU values(1315,"Red Sauce Pasta",80.00,"Penne pasta with juicy sauce",1108);
insert into MENU values(1316,"Margherita",180.00,"Cheesy pizza with a delicious sauce",1108);
insert into MENU values(1317,"Chicken Club Sandwich",120.00,"Juicy chicken pieces with herbs",1108);
insert into MENU values(1318,"North Indian Thali",200.00,"Takes you on a ride to North India",1108);
insert into MENU values(1319,"South Indian Thali",180.00,"Reminds you of all the southern flavours",1108);
insert into MENU values(1320,"Chicken Biriyani",240.00,"Crispy and Spicy Chicken with flavourful rice",1108);
insert into MENU values(1321,"Veg Dum Biriyani",200.00,"Extra masala to all the vegetables with some spiced rice ",1108);
insert into MENU values(1322,"Veg Schezwan Noodles",95.00,"Noodles in the perfect sauce",1108);
insert into MENU values(1323,"Veg Fried Rice",100.00,"simple and Perfect combo of veggies and rice",1108);
insert into MENU values(1324,"Coke",40.00,"Refreshes you",1108);
insert into MENU values(1325,"Blue Lagoon",80.00,"This will make your day",1108);
insert into MENU values(1326,"Gulab Jamun",45.00,"No meal is complete without this",1108);
insert into MENU values(1327,"Brownie",70.00,"Crispy on the outside and soft in the inside",1108);
insert into MENU values(1328,"Tomato Soup",90.00,"Has a rich taste of tomatoes",1109);
insert into MENU values(1329,"Gobi Machurian",110.00,"Crispy Gobi with spicy sauces",1109);
insert into MENU values(1330,"Veg Pasta Salad",100.00,"Penne pasta with a mix of vegetables",1109);
insert into MENU values(1331,"Red Sauce Pasta",80.00,"Penne pasta with juicy sauce",1109);
insert into MENU values(1332,"Margherita",180.00,"Cheesy pizza with a delicious sauce",1109);
insert into MENU values(1333,"Chicken Club Sandwich",120.00,"Juicy chicken pieces with herbs",1109);
insert into MENU values(1334,"North Indian Thali",200.00,"Takes you on a ride to North India",1109);
insert into MENU values(1335,"South Indian Thali",180.00,"Reminds you of all the southern flavours",1109);
insert into MENU values(1336,"Chicken Biriyani",240.00,"Crispy and Spicy Chicken with flavourful rice",1109);
insert into MENU values(1337,"Veg Dum Biriyani",200.00,"Extra masala to all the vegetables with some spiced rice ",1109);
insert into MENU values(1338,"Veg Schezwan Noodles",95.00,"Noodles in the perfect sauce",1109);
insert into MENU values(1339,"Veg Fried Rice",100.00,"simple and Perfect combo of veggies and rice",1109);
insert into MENU values(1340,"Coke",40.00,"Refreshes you",1109);
insert into MENU values(1341,"Blue Lagoon",80.00,"This will make your day",1109);
insert into MENU values(1342,"Gulab Jamun",45.00,"No meal is complete without this",1109);
insert into MENU values(1343,"Brownie",70.00,"Crispy on the outside and soft in the inside",1109);
insert into MENU values(1344,"Tomato Soup",90.00,"Has a rich taste of tomatoes",1110);
insert into MENU values(1345,"Gobi Machurian",110.00,"Crispy Gobi with spicy sauces",1110);
insert into MENU values(1346,"Veg Pasta Salad",100.00,"Penne pasta with a mix of vegetables",1110);
insert into MENU values(1347,"Red Sauce Pasta",80.00,"Penne pasta with juicy sauce",1110);
insert into MENU values(1348,"Margherita",180.00,"Cheesy pizza with a delicious sauce",1110);
insert into MENU values(1349,"Chicken Club Sandwich",120.00,"Juicy chicken pieces with herbs",1110);
insert into MENU values(1350,"North Indian Thali",200.00,"Takes you on a ride to North India",1110);
insert into MENU values(1351,"South Indian Thali",180.00,"Reminds you of all the southern flavours",1110);
insert into MENU values(1352,"Chicken Biriyani",240.00,"Crispy and Spicy Chicken with flavourful rice",1110);
insert into MENU values(1353,"Veg Dum Biriyani",200.00,"Extra masala to all the vegetables with some spiced rice ",1110);
insert into MENU values(1354,"Veg Schezwan Noodles",95.00,"Noodles in the perfect sauce",1110);
insert into MENU values(1355,"Veg Fried Rice",100.00,"simple and Perfect combo of veggies and rice",1110);
insert into MENU values(1356,"Coke",40.00,"Refreshes you",1110);
insert into MENU values(1357,"Blue Lagoon",80.00,"This will make your day",1110);
insert into MENU values(1358,"Gulab Jamun",45.00,"No meal is complete without this",1110);
insert into MENU values(1359,"Brownie",70.00,"Crispy on the outside and soft in the inside",1110);





insert into GENRES values("Appetizers",1200);
insert into GENRES values("Appetizers",1201);
insert into GENRES values("Appetizers",1202);
insert into GENRES values("Continental",1203);
insert into GENRES values("Continental",1204);
insert into GENRES values("Continental",1205);
insert into GENRES values("Thali",1206);
insert into GENRES values("Thali",1207);
insert into GENRES values("Biriyani",1208);
insert into GENRES values("Biriyani",1209);
insert into GENRES values("Chinese",1210);
insert into GENRES values("Chinese",1211);
insert into GENRES values("Mocktails & Beverages",1212);
insert into GENRES values("Mocktails & Beverages",1213);
insert into GENRES values("Desserts",1214);
insert into GENRES values("Desserts",1215);
insert into GENRES values("Appetizers",1216);
insert into GENRES values("Appetizers",1217);
insert into GENRES values("Appetizers",1218);
insert into GENRES values("Continental",1219);
insert into GENRES values("Continental",1220);
insert into GENRES values("Continental",1221);
insert into GENRES values("Thali",1222);
insert into GENRES values("Thali",1223);
insert into GENRES values("Biriyani",1224);
insert into GENRES values("Biriyani",1225);
insert into GENRES values("Chinese",1226);
insert into GENRES values("Chinese",1227);
insert into GENRES values("Mocktails & Beverages",1228);
insert into GENRES values("Mocktails & Beverages",1229);
insert into GENRES values("Desserts",1230);
insert into GENRES values("Desserts",1231);
insert into GENRES values("Appetizers",1232);
insert into GENRES values("Appetizers",1233);
insert into GENRES values("Appetizers",1234);
insert into GENRES values("Continental",1235);
insert into GENRES values("Continental",1236);
insert into GENRES values("Continental",1237);
insert into GENRES values("Thali",1238);
insert into GENRES values("Thali",1239);
insert into GENRES values("Biriyani",1240);
insert into GENRES values("Biriyani",1241);
insert into GENRES values("Chinese",1242);
insert into GENRES values("Chinese",1243);
insert into GENRES values("Mocktails & Beverages",1244);
insert into GENRES values("Mocktails & Beverages",1245);
insert into GENRES values("Desserts",1246);
insert into GENRES values("Desserts",1247);
insert into GENRES values("Appetizers",1248);
insert into GENRES values("Appetizers",1249);
insert into GENRES values("Appetizers",1250);
insert into GENRES values("Continental",1251);
insert into GENRES values("Continental",1252);
insert into GENRES values("Continental",1253);
insert into GENRES values("Thali",1254);
insert into GENRES values("Thali",1255);
insert into GENRES values("Biriyani",1256);
insert into GENRES values("Biriyani",1257);
insert into GENRES values("Chinese",1258);
insert into GENRES values("Chinese",1259);
insert into GENRES values("Mocktails & Beverages",1260);
insert into GENRES values("Mocktails & Beverages",1261);
insert into GENRES values("Desserts",1262);
insert into GENRES values("Desserts",1263);
insert into GENRES values("Appetizers",1264);
insert into GENRES values("Appetizers",1265);
insert into GENRES values("Appetizers",1266);
insert into GENRES values("Continental",1267);
insert into GENRES values("Continental",1268);
insert into GENRES values("Continental",1269);
insert into GENRES values("Thali",1270);
insert into GENRES values("Thali",1271);
insert into GENRES values("Biriyani",1272);
insert into GENRES values("Biriyani",1273);
insert into GENRES values("Chinese",1274);
insert into GENRES values("Chinese",1275);
insert into GENRES values("Mocktails & Beverages",1276);
insert into GENRES values("Mocktails & Beverages",1277);
insert into GENRES values("Desserts",1278);
insert into GENRES values("Desserts",1279);
insert into GENRES values("Appetizers",1280);
insert into GENRES values("Appetizers",1281);
insert into GENRES values("Appetizers",1282);
insert into GENRES values("Continental",1283);
insert into GENRES values("Continental",1284);
insert into GENRES values("Continental",1285);
insert into GENRES values("Thali",1286);
insert into GENRES values("Thali",1287);
insert into GENRES values("Biriyani",1288);
insert into GENRES values("Biriyani",1289);
insert into GENRES values("Chinese",1290);
insert into GENRES values("Chinese",1291);
insert into GENRES values("Mocktails & Beverages",1292);
insert into GENRES values("Mocktails & Beverages",1293);
insert into GENRES values("Desserts",1294);
insert into GENRES values("Desserts",1295);
insert into GENRES values("Appetizers",1296);
insert into GENRES values("Appetizers",1297);
insert into GENRES values("Appetizers",1298);
insert into GENRES values("Continental",1299);
insert into GENRES values("Continental",1300);
insert into GENRES values("Continental",1301);
insert into GENRES values("Thali",1302);
insert into GENRES values("Thali",1303);
insert into GENRES values("Biriyani",1304);
insert into GENRES values("Biriyani",1305);
insert into GENRES values("Chinese",1306);
insert into GENRES values("Chinese",1307);
insert into GENRES values("Mocktails & Beverages",1308);
insert into GENRES values("Mocktails & Beverages",1309);
insert into GENRES values("Desserts",1310);
insert into GENRES values("Desserts",1311);
insert into GENRES values("Appetizers",1312);
insert into GENRES values("Appetizers",1313);
insert into GENRES values("Appetizers",1314);
insert into GENRES values("Continental",1315);
insert into GENRES values("Continental",1316);
insert into GENRES values("Continental",1317);
insert into GENRES values("Thali",1318);
insert into GENRES values("Thali",1319);
insert into GENRES values("Biriyani",1320);
insert into GENRES values("Biriyani",1321);
insert into GENRES values("Chinese",1322);
insert into GENRES values("Chinese",1323);
insert into GENRES values("Mocktails & Beverages",1324);
insert into GENRES values("Mocktails & Beverages",1325);
insert into GENRES values("Desserts",1326);
insert into GENRES values("Desserts",1327);
insert into GENRES values("Appetizers",1328);
insert into GENRES values("Appetizers",1329);
insert into GENRES values("Appetizers",1330);
insert into GENRES values("Continental",1331);
insert into GENRES values("Continental",1332);
insert into GENRES values("Continental",1333);
insert into GENRES values("Thali",1334);
insert into GENRES values("Thali",1335);
insert into GENRES values("Biriyani",1336);
insert into GENRES values("Biriyani",1337);
insert into GENRES values("Chinese",1338);
insert into GENRES values("Chinese",1339);
insert into GENRES values("Mocktails & Beverages",1340);
insert into GENRES values("Mocktails & Beverages",1341);
insert into GENRES values("Desserts",1342);
insert into GENRES values("Desserts",1343);
insert into GENRES values("Appetizers",1344);
insert into GENRES values("Appetizers",1345);
insert into GENRES values("Appetizers",1346);
insert into GENRES values("Continental",1347);
insert into GENRES values("Continental",1348);
insert into GENRES values("Continental",1349);
insert into GENRES values("Thali",1350);
insert into GENRES values("Thali",1351);
insert into GENRES values("Biriyani",1352);
insert into GENRES values("Biriyani",1353);
insert into GENRES values("Chinese",1354);
insert into GENRES values("Chinese",1355);
insert into GENRES values("Mocktails & Beverages",1356);
insert into GENRES values("Mocktails & Beverages",1357);
insert into GENRES values("Desserts",1358);
insert into GENRES values("Desserts",1359);

select  count(o.customer_id) as num,c.customer_id,c.First_name from CUSTOMER c ,ORDERS o where num>=2;